,open,high,low,close,volume,symbol,sma_5,sma_20,sma_50,daily_return,volatility,momentum_5,momentum_20,volume_change,hl_spread
2025-07-03,493.81,500.13,493.44,498.84,13984829.0,MSFT,,,,,,,,,0.013411113783978827
2025-07-07,497.38,498.75,495.225,497.72,13981605.0,MSFT,,,,-0.0022452088846122153,,,,-0.00023053553246876746,0.007082295266414806
2025-07-08,497.24,498.2,494.11,496.62,11846586.0,MSFT,,,,-0.002210077955477008,,,,-0.15270199665918183,0.008235673150497311
2025-07-09,500.3,506.78,499.74,503.51,18659538.0,MSFT,,,,0.013873786798759502,,,,0.5750983447889544,0.013981847431034068
2025-07-10,503.05,504.44,497.75,501.48,16498740.0,MSFT,499.634,,,-0.004031697483664609,,,,-0.11580125938809416,0.013340512084230672
2025-07-11,498.47,505.03,497.795,503.32,16459512.0,MSFT,500.53000000000003,,,0.003669139347531214,,0.008980835538449305,,-0.002377636110393877,0.014374552968290466
2025-07-14,501.515,503.97,501.03,503.02,12058848.0,MSFT,501.59,,,-0.000596042279265685,,0.010648557421843563,,-0.2673629692058914,0.005844698023935539
2025-07-15,503.02,508.3,502.79,505.82,14927202.0,MSFT,503.43,,,0.005566379070414795,,0.01852523055857591,,0.23786301975114044,0.010893203115732851
2025-07-16,505.18,506.72,501.89,505.62,15154374.0,MSFT,503.852,,,-0.00039539757225892647,,0.004190582113562824,,0.015218659196813977,0.009552628456152923
2025-07-17,505.68,513.37,505.62,511.7,17503129.0,MSFT,505.896,,,0.012024840789525593,,0.020379676158570614,,0.154988586133614,0.015145593120969318
2025-07-18,514.48,514.64,507.43,510.05,21209666.0,MSFT,507.242,,,-0.0032245456322063104,,0.013371215131526615,,0.21176425083766448,0.014135869032447759
2025-07-21,506.705,512.09,505.55,510.06,14066805.0,MSFT,508.65,,,1.9605920988041703e-05,,0.013995467377042603,,-0.33677385584478325,0.012822020938713133
2025-07-22,510.97,511.2,505.27,505.27,13868644.0,MSFT,508.53999999999996,,,-0.009391052033094205,,-0.0010873433237119645,,-0.014087136346881857,0.011736299404278915
2025-07-23,506.75,506.79,500.7,505.87,16396585.0,MSFT,508.59,,,0.00118748391948853,,0.0004944424666746272,,0.1822774454373477,0.012038666060450376
2025-07-24,508.77,513.67,507.3,510.88,16107000.0,MSFT,508.42600000000004,,,0.009903730207365458,,-0.0016025014657025105,,-0.017661299593787372,0.012468681490760938
2025-07-25,512.465,518.29,510.3592,513.71,19125699.0,MSFT,509.158,,,0.00553946132164107,,0.00717576708165879,,0.18741534736449994,0.015438282299351727
2025-07-28,514.08,515.0,510.12,512.5,14308027.0,MSFT,509.646,,,-0.002355414533491751,,0.004783750931262931,,-0.2518952117776192,0.009521951219512187
2025-07-29,515.53,517.62,511.56,512.57,16469235.0,MSFT,511.10600000000005,,,0.00013658536585370307,,0.01444772102044456,,0.15104863864179174,0.011822775425795504
2025-07-30,515.17,515.95,509.435,513.24,26380434.0,MSFT,512.58,,,0.0013071385371752342,,0.01456896040484712,,0.6018008122417344,0.012693866417270756
2025-07-31,555.225,555.45,531.9,533.5,51617326.0,MSFT,517.104,507.765,,0.039474709687475684,,0.04427654243658008,,0.9566518882896315,0.044142455482661797
2025-08-01,535.0,535.8,520.86,524.11,28977628.0,MSFT,519.184,509.0285,,-0.017600749765698143,0.011201542987329846,0.02024488524653978,0.0506575254590651,-0.4386065640052722,0.028505466409723037
2025-08-04,528.27,538.25,528.13,535.64,25349004.0,MSFT,523.812,510.92449999999997,,0.021999198641506457,0.011944491231224586,0.04515121951219503,0.07618741461062428,-0.12522156747957425,0.018893286535732964
2025-08-05,537.18,537.3,527.24,527.75,19171569.0,MSFT,526.848,512.481,,-0.01473004256590249,0.012583969879139569,0.0296154671557054,0.0626837420965729,-0.24369537359337667,0.01906205589767872
2025-08-06,530.9,531.7,524.03,524.94,21355702.0,MSFT,529.188,513.5525,,-0.005324490762671608,0.012451933967588232,0.02279635258358681,0.04256122023395781,0.11392562601422962,0.014611193660227973
2025-08-07,526.8,528.09,517.5511,520.84,16079144.0,MSFT,526.6560000000001,514.5205,,-0.007810416428544298,0.012578830766547758,-0.02373008434864099,0.038605727047938077,-0.24707958558327892,0.020234428999308832
2025-08-08,522.6,524.66,519.41,522.04,15531009.0,MSFT,526.242,515.4565,,0.002303970509177411,0.012572827801604266,-0.0039495525748413085,0.03719303822617803,-0.034089812243736306,0.010056700635966594
2025-08-11,522.3,527.59,519.72,521.77,20194372.0,MSFT,523.4680000000001,516.394,,-0.0005172017469925461,0.012572015771283905,-0.025894257337017446,0.0372748598465269,0.3002614318232639,0.0150832742396075
2025-08-12,523.75,530.98,522.7,529.24,18688921.0,MSFT,523.766,517.5649999999999,,0.014316652931368301,0.012855183325849812,0.002823306489815325,0.04630105571151799,-0.07454804734705289,0.015645075957977424
2025-08-13,532.11,532.7,519.37,520.58,19619160.0,MSFT,522.894,518.313,,-0.01636308669034836,0.013513221645216835,-0.008305711128890891,0.0295874372058067,0.04977489069593699,0.025606054785047523
2025-08-14,522.56,525.9499,520.14,522.48,20269074.0,MSFT,523.222,518.8520000000001,,0.003649775250681886,0.013299443837684057,0.0031487596958759134,0.021067031463748442,0.03312649471231177,0.011119851477568462
2025-08-15,522.77,526.1,519.08,520.17,25213272.0,MSFT,522.848,519.358,,-0.004421221864951863,0.013322718822971565,-0.003582100988430037,0.019841192039995903,0.24392816366450676,0.01349558798085238
2025-08-18,521.585,522.82,514.02,517.1,23760583.0,MSFT,521.914,519.71,,-0.005901916681084862,0.013412696941904542,-0.008950303773693324,0.013802297768890082,-0.05761604443881774,0.017017984915877138
2025-08-19,515.0,515.1641,508.55,509.77,21481016.0,MSFT,518.02,519.935,,-0.014175207890156694,0.013644119011501655,-0.03678860252437466,0.00890612939616453,-0.09593901799463422,0.012974674853365148
2025-08-20,509.865,511.0,504.44,505.72,27723025.0,MSFT,515.048,519.9275,,-0.007944759401298573,0.013773189763945894,-0.0285450843290177,-0.0002965188684839193,0.29058257765833795,0.012971604840623274
2025-08-21,503.69,507.63,502.7201,504.24,18443254.0,MSFT,511.4,519.5955,,-0.0029265206042869973,0.013588833931496559,-0.03491042719338544,-0.012997181334168495,-0.3347315453490375,0.009737228303982217
2025-08-22,504.25,510.73,502.41,507.23,24324161.0,MSFT,508.812,519.2715000000001,,0.005929716008250097,0.013598341069181915,-0.024876482688351742,-0.012614120807459495,0.3188649356561484,0.016402815290893664
2025-08-25,506.63,508.19,504.12,504.26,21638579.0,MSFT,506.244,518.8595,,-0.005855331900715743,0.013645268355955767,-0.02483078708180242,-0.016078048780487797,-0.11040800132839113,0.008071233094038776
2025-08-26,504.355,504.9778,498.51,502.04,30835709.0,MSFT,504.69800000000004,518.333,,-0.004402490778566581,0.013667953901560056,-0.01516370127704647,-0.020543535517100198,0.42503391743053,0.012883037208190604
2025-08-27,502.0,507.29,499.9,506.74,17277893.0,MSFT,504.90199999999993,518.008,,0.009361803840331362,0.013855333067551169,0.0020169263624139067,-0.012664640324214771,-0.43967907467280876,0.014583415558274545
2025-08-28,507.09,511.09,505.5,509.64,18015593.0,MSFT,505.9820000000001,516.815,,0.005722855902435153,0.010331498502538658,0.010709186101856227,-0.04472352389878165,0.042696178289794995,0.010968526803233606
2025-08-29,508.66,509.6,504.4915,506.69,20961569.0,MSFT,505.87399999999997,515.9440000000001,,-0.005788399654658161,0.009726763733562878,-0.001064605800130125,-0.033237297513880715,0.16352367640632193,0.010082101482168681
2025-09-02,500.465,506.0,496.81,505.12,18127995.0,MSFT,506.046,514.418,,-0.00309854151453548,0.007977652953568884,0.001705469400705928,-0.05697856769472032,-0.13517948012383996,0.01819369654735508
2025-09-03,503.79,507.79,502.32,505.35,15995154.0,MSFT,506.70799999999997,513.298,,0.0004553373455813414,0.007500724156798008,0.0065931001513823695,-0.04244433917574608,-0.11765454480763038,0.01082418126051257
2025-09-04,504.3,508.15,503.15,507.97,15509486.0,MSFT,506.954,512.4495,,0.005184525576333199,0.007632793016004901,0.0024272802620672884,-0.03232750409570617,-0.03036344632880683,0.009843100970529756
2025-09-05,509.07,511.97,492.37,495.0,31994846.0,MSFT,504.026,511.15749999999997,,-0.025533003917554198,0.009247898510754827,-0.028726159642100235,-0.04961216496428855,1.0629211051868515,0.03959595959595964
2025-09-08,498.105,501.195,495.03,498.2,16771015.0,MSFT,502.328,509.96549999999996,,0.006464646464646506,0.00940708403235695,-0.016755807298348135,-0.04566699869741775,-0.4758213557271068,0.01237454837414697
2025-09-09,501.43,502.25,497.7,498.41,14410542.0,MSFT,500.98600000000005,508.7975,,0.00042151746286633873,0.009418740559321834,-0.013283972125435528,-0.04477068440117282,-0.1407471760057456,0.009129030316406194
2025-09-10,502.98,503.2299,496.72,500.37,21611816.0,MSFT,499.98999999999995,507.354,,0.0039325053670671295,0.00871785436279655,-0.009854556248144908,-0.054549920640919014,0.4997226336108662,0.013010172472370364
2025-09-11,502.25,503.17,497.88,501.01,18881608.0,MSFT,498.59799999999996,506.37549999999993,,0.0012790535004096881,0.008143067226252366,-0.013701596550977468,-0.03759268508202396,-0.12632941165147804,0.010558671483603163
2025-09-12,506.65,512.55,503.85,509.9,23624884.0,MSFT,501.578,505.7465,510.39239999999995,0.01774415680325747,0.009189645835136833,0.030101010101009962,-0.02407747664982396,0.2512114434321484,0.01706216905275531
2025-09-15,508.79,515.47,507.0,515.36,17143786.0,MSFT,505.01000000000005,505.506,510.7228,0.010707981957246648,0.009525153571698657,0.0344439983942193,-0.009246976949843222,-0.2743335374683744,0.016435113318845132
2025-09-16,516.88,517.23,508.6,509.04,19711922.0,MSFT,507.1360000000001,505.10299999999995,510.94919999999996,-0.012263272275690795,0.009819467145247496,0.021327822475472047,-0.01558692709340559,0.1497998166799328,0.016953481062391945
2025-09-17,510.62,511.29,505.93,510.02,15816585.0,MSFT,509.066,505.11550000000005,511.2172,0.0019251925192518282,0.009306555071586767,0.019285728560864968,0.000490417246993724,-0.19761325151347497,0.010509391788557339
2025-09-18,511.49,513.07,507.66,508.45,18913696.0,MSFT,510.554,505.25199999999995,511.31600000000003,-0.003078310654484162,0.009148365281251819,0.014850002993952227,0.005398244087637449,0.19581414066310776,0.010640180942078917
2025-09-19,510.56,519.3,510.31,517.93,52474093.0,MSFT,512.16,505.93649999999997,511.6450000000001,0.018644901170223216,0.009980565706970002,0.015748185918807556,0.02714976995081697,1.7743965536931543,0.017357557971154312
2025-09-22,515.59,517.74,512.545,514.45,20009314.0,MSFT,511.97799999999995,506.2975,511.8675999999999,-0.006719054698511195,0.010077889304043611,-0.0017657559764048258,0.014234173846184195,-0.6186820418220473,0.010098163086791815
2025-09-23,513.8,514.5899,507.31,509.23,19799580.0,MSFT,512.016,506.546,511.9918,-0.010146758674312473,0.01026990197977505,0.0003732516108754247,0.009856026652917294,-0.010481818617069982,0.014295897727942071
2025-09-24,510.38,512.48,506.92,510.15,13533711.0,MSFT,512.042,506.9515,512.0784,0.0018066492547570423,0.010206257799956712,0.00025489196502093137,0.016154091307465368,-0.3164647431915223,0.010898755268058419
2025-09-25,508.3,510.01,505.04,507.03,15786468.0,MSFT,511.758,506.966,512.1066,-0.006115848279917735,0.010113350826828413,-0.002792801652079846,0.0005722855902434709,0.16645523168035736,0.009802181330493208
2025-09-26,510.06,513.94,506.62,511.46,16213129.0,MSFT,510.46399999999994,507.05699999999996,512.1018,0.008737155592371204,0.010223769752262895,-0.012492035603266838,0.0035711482615179424,0.027027008194613344,0.014311969655496129
2025-09-29,511.5,516.845,508.88,514.6,17617775.0,MSFT,510.494,507.4525,512.1928,0.006139287529816739,0.010202208593436774,0.00029157352512387824,0.01561112317195934,0.08663633034684426,0.015478041197046311
2025-09-30,513.24,518.16,509.66,517.95,19728229.0,MSFT,512.238,508.09400000000005,512.3506000000001,0.00650991061018269,0.010233935989346401,0.01712389293639416,0.02539990497307576,0.11979117680864926,0.0164108504681918
2025-10-01,514.8,520.505,511.69,519.71,22632336.0,MSFT,514.15,508.812,512.6394,0.0033980113910609955,0.010242230130645628,0.018739586396158137,0.02841594934204017,0.14720566149145986,0.016961382309364833
2025-10-02,517.64,521.6,510.6791,515.74,21222886.0,MSFT,515.892,509.20050000000003,512.8368,-0.007638875526736144,0.010396486265781426,0.017178470701930904,0.015296178908203117,-0.06227594005320525,0.021175204560437463
2025-10-03,517.1,520.49,515.0,517.35,15112321.0,MSFT,517.07,510.31800000000004,512.9662000000001,0.003121728002482005,0.008347523268274731,0.01151605208618478,0.045151515151515165,-0.28792337667930745,0.010611771527979142
2025-10-06,518.61,531.03,518.2,528.57,21388581.0,MSFT,519.8639999999999,511.8365,513.2633999999999,0.021687445636416447,0.00938252332275027,0.02714729887291112,0.06095945403452441,0.41530748321187727,0.024273038575779796
2025-10-07,528.285,529.8,521.44,523.98,14615208.0,MSFT,521.07,513.115,513.4929999999999,-0.008683807253533127,0.009728973520467655,0.01164205039096422,0.05130314399791325,-0.3166817377927035,0.015954807435398108
2025-10-08,523.28,526.95,523.09,524.85,13363447.0,MSFT,522.0980000000001,514.3389999999999,513.7386,0.0016603687163632141,0.009725238103443614,0.009890131034615335,0.048923796390671015,-0.08564784024969063,0.007354482233018983
2025-10-09,522.335,524.325,517.4,522.4,18343602.0,MSFT,523.43,515.4085000000001,513.9218,-0.004668000381061299,0.009852550729691356,0.012913483538216974,0.0426937586076126,0.3726699406223559,0.013256125574272718
2025-10-10,519.64,523.58,509.63,510.96,24133840.0,MSFT,522.1519999999999,515.4615,513.471,-0.02189892802450233,0.01051330125220931,-0.012351406204697102,0.0020788389880368463,0.3156543627581976,0.027301550023485294
2025-10-13,516.41,516.41,511.68,514.05,14284238.0,MSFT,519.2479999999999,515.396,513.2698,0.006047440112728841,0.010316930296846825,-0.027470344514444855,-0.0025419124495499323,-0.40812411120650505,0.00920143954868196
2025-10-14,510.225,515.282,506.0,513.57,14684300.0,MSFT,517.166,515.6225000000001,512.8284,-0.0009337613072656348,0.009915821887893663,-0.019867170502690934,0.008899104196133933,0.02800723426758922,0.01807348560079451
2025-10-15,514.955,517.19,510.0,513.43,14694654.0,MSFT,514.882,515.7929999999999,512.542,-0.00027260159277231466,0.009911253743070456,-0.02175859769457955,0.0066860123132426175,0.0007051068147614359,0.01400385641664892
2025-10-16,512.58,516.85,508.13,511.61,15559565.0,MSFT,512.724,515.951,512.2754,-0.0035447870206258836,0.009920364707843242,-0.020654670750382742,0.006214967056741072,0.0588588884093495,0.01704423291178833
2025-10-17,509.04,515.48,507.31,513.58,19867765.0,MSFT,513.248,515.7335,512.1302,0.0038505893160807325,0.008993153084225356,0.005127602943479026,-0.00839881837313905,0.2768843473451861,0.01590794034035596
2025-10-20,514.61,518.7,513.43,516.79,14665620.0,MSFT,513.796,515.8505,512.0252,0.0062502433895399445,0.008979826558530274,0.005330220795642493,0.004548546991933078,-0.2618384604408196,0.010197565742371361
2025-10-21,517.5,518.69,513.04,517.66,15586204.0,MSFT,514.6139999999999,516.272,511.94300000000004,0.0016834691073743802,0.008641124365754269,0.007963860817415291,0.016554405671307615,0.06277157051662319,0.010914499864776285
2025-10-22,521.15,525.23,517.71,520.54,18962694.0,MSFT,516.036,516.7915,511.769,0.005563497276204421,0.008703468101279987,0.013848041602555483,0.020366558855238637,0.21663324822387797,0.014446536289238065
2025-10-23,522.46,523.95,518.61,520.56,14023532.0,MSFT,517.8259999999999,517.468,511.7686,3.842163906697671e-05,0.00854432121524816,0.01749379410097518,0.02668481154961233,-0.2604673154563376,0.01025818349469808
2025-10-24,522.79,525.345,520.71,523.61,15532360.0,MSFT,519.832,518.0755,511.7912,0.005859074842477385,0.008436961500321997,0.01952957669691191,0.023755523403589773,0.10759258081344991,0.008852008174022633
2025-10-27,531.78,534.58,529.01,531.52,18734716.0,MSFT,522.778,518.9215,512.0182,0.015106663356314831,0.008936297353409601,0.028502873507614268,0.032879906723668695,0.20617317651664013,0.010479379891631642
2025-10-28,550.0,553.72,540.77,542.07,29986683.0,MSFT,527.6600000000001,520.1274999999999,512.5176,0.01984873570138479,0.009775878719873808,0.04715450295560819,0.04656820156385755,0.6005944792544493,0.023889903517995914
2025-10-29,544.94,546.27,536.7287,541.55,36023004.0,MSFT,531.862,521.2194999999999,513.1532,-0.0009592857011089251,0.009799203089259896,0.040361931840012355,0.04202343614708193,0.2013000570953447,0.017618502446680784
2025-10-30,530.48,534.97,522.12,525.76,41023088.0,MSFT,532.902,521.7205,513.554,-0.02915704921059914,0.011884802768992786,0.009989242354387695,0.019428394152092077,0.1388025274072091,0.02444080949482658
2025-10-31,528.875,529.32,515.1,517.81,34006424.0,MSFT,531.742,521.7435,513.8254000000001,-0.01512096774193561,0.01240449800542188,-0.01107694658238012,0.0008891466125444669,-0.17104182893301445,0.027461810316525424
2025-11-03,519.805,524.96,514.59,517.03,22374742.0,MSFT,528.8439999999999,521.1665,514.0214,-0.0015063440258009653,0.011318481035989324,-0.027261438892233647,-0.021832491439166213,-0.3420436679846137,0.020056863238109984
2025-11-04,511.76,515.55,507.84,514.33,20958663.0,MSFT,523.2959999999999,520.684,514.2228,-0.005222134112140342,0.011221521525963635,-0.05117420259376093,-0.018416733463109236,-0.06328917669754586,0.01499037582874804
2025-11-05,513.3,514.83,506.575,507.16,22883851.0,MSFT,516.418,519.7995,514.3252,-0.013940466237629567,0.011573180949001912,-0.06350290831871463,-0.03370486805754025,0.09185643187258652,0.01627691458316912
2025-11-06,505.66,505.7,495.81,497.1,27406496.0,MSFT,510.686,518.5345,514.1324000000001,-0.019835949207350767,0.012258155246578795,-0.054511564211807584,-0.04843032159264926,0.19763478620796815,0.019895393281029947
2025-11-07,496.945,499.377,493.25,496.82,24019764.0,MSFT,506.488,517.8275,513.8760000000001,-0.0005632669483002228,0.01136869532504667,-0.04053610397636187,-0.02767339909190536,-0.12357406068984522,0.012332434282033754
2025-11-10,500.035,506.85,498.8,506.0,26101480.0,MSFT,504.28200000000004,517.425,513.8622,0.018477517008171906,0.012109462027951986,-0.021333384909966502,-0.015659955257270597,0.08666679655969967,0.015909090909090932
2025-11-11,504.8,509.6,502.3488,508.68,17980020.0,MSFT,503.15200000000004,517.1804999999999,513.9334,0.005296442687747094,0.012183552333552485,-0.010985165166332966,-0.009521584204684963,-0.31114940608731767,0.014254934339860107
2025-11-12,509.355,511.67,499.1201,511.14,26574851.0,MSFT,503.948,517.066,514.0491999999999,0.004836046237320035,0.012239949145075753,0.007847622052212344,-0.004460199053424985,0.47802121465938296,0.02455276440896826
2025-11-13,510.31,513.5,501.29,503.29,25273114.0,MSFT,505.18600000000004,516.65,513.9556,-0.015357827601048535,0.01268907543247986,0.012452222892778142,-0.016262387365375996,-0.0489837929853304,0.024260366786544495
2025-11-14,498.23,511.6,497.44,510.18,28505746.0,MSFT,507.858,516.48,514.2592,0.013689920324266192,0.013061797017328293,0.02689102693128298,-0.006620195490478653,0.12790794201300248,0.02775491003175355
2025-11-17,508.45,512.12,504.91,507.49,19092752.0,MSFT,508.15599999999995,516.015,514.445,-0.005272648869026564,0.013014000541728726,0.0029446640316206363,-0.017995704251243194,-0.3302139154681305,0.014207176496088552
2025-11-18,495.365,502.98,486.78,493.79,33815114.0,MSFT,505.17800000000005,514.8215,514.3526,-0.02699560582474525,0.014244666661856465,-0.02927184084296608,-0.04611134721631949,0.7710969063024544,0.032807468762024436
2025-11-19,490.1,495.1872,482.83,487.12,23245314.0,MSFT,500.37399999999997,513.1505,514.0876000000001,-0.013507766459426085,0.014331398148324456,-0.04699299604804941,-0.06420255888116178,-0.3125762048295919,0.02536787649860411
2025-11-20,492.71,493.57,475.5,478.43,26802542.0,MSFT,495.40200000000004,511.04400000000004,513.636,-0.017839546723599886,0.014671357997959078,-0.04939498102485651,-0.08093207315199002,0.15302989669229672,0.037769370649833815
2025-11-21,478.5,478.92,468.27,472.12,31769248.0,MSFT,487.78999999999996,508.4695,512.8804,-0.013188972263445065,0.014608392943435194,-0.0746011211729194,-0.09833654819426674,0.18530727421302062,0.022557824281962284
